query,ground_truth,dataset,model,error,generation_answer,hit_rate,mrr,precision,ndcg,exact_match,rouge_l_f1,semantic_similarity,faithfulness,answer_relevancy,llm_quality_score
Which German luxury automaker is headquartered in Stuttgart and produces the S-Class?,Mercedes-Benz,cars,bge-base,,"Mercedes-Benz is a German luxury and commercial vehicle automaker headquartered in Stuttgart, Germany. Founded in 1926, the brand is renowned for the S-Class flagship sedan and its high-performance AMG division.",1.0,1.0,0.2,1.0,True,0.06451612903225806,0.7667204141616821,1.0,0.587904691696167,1.0
Which German luxury automaker is headquartered in Stuttgart and produces the S-Class?,Mercedes-Benz,cars,bge-large,,"Mercedes-Benz is a German luxury and commercial vehicle automaker headquartered in Stuttgart, Germany. Founded in 1926, the brand is renowned for the S-Class flagship sedan and its high-performance AMG division.",1.0,1.0,0.2,1.0,True,0.06451612903225806,0.7667204141616821,0.65,0.587904691696167,1.0
Which German luxury automaker is headquartered in Stuttgart and produces the S-Class?,Mercedes-Benz,cars,bge-small,,"Mercedes-Benz is a German luxury and commercial vehicle automaker headquartered in Stuttgart, Germany. Founded in 1926, the brand is renowned for the S-Class flagship sedan and its high-performance AMG division.",1.0,1.0,0.2,1.0,True,0.06451612903225806,0.7667204141616821,0.53,0.587904691696167,1.0
Which German luxury automaker is headquartered in Stuttgart and produces the S-Class?,Mercedes-Benz,cars,granite,,"Mercedes-Benz is a German luxury and commercial vehicle automaker headquartered in Stuttgart, Germany. Founded in 1926, the brand is renowned for the S-Class flagship sedan and its high-performance AMG division.",1.0,1.0,0.2,1.0,True,0.06451612903225806,0.7667204141616821,1.0,0.587904691696167,1.0
Which German luxury automaker is headquartered in Stuttgart and produces the S-Class?,Mercedes-Benz,cars,gte-small,,"Mercedes-Benz is a German luxury and commercial vehicle automaker headquartered in Stuttgart, Germany. Founded in 1926, the brand is renowned for the S-Class flagship sedan and its high-performance AMG division.",1.0,1.0,0.2,1.0,True,0.06451612903225806,0.7667204141616821,1.0,0.587904691696167,5.0
Which German luxury automaker is headquartered in Stuttgart and produces the S-Class?,Mercedes-Benz,cars,harrier,,"Mercedes-Benz is a German luxury and commercial vehicle automaker headquartered in Stuttgart, Germany. Founded in 1926, the brand is renowned for the S-Class flagship sedan and its high-performance AMG division.",1.0,1.0,0.2,1.0,True,0.06451612903225806,0.7667204141616821,1.0,0.587904691696167,5.0
Which German luxury automaker is headquartered in Stuttgart and produces the S-Class?,Mercedes-Benz,cars,jina,No module named 'custom_st',,,,,,,,,,,
Which German luxury automaker is headquartered in Stuttgart and produces the S-Class?,Mercedes-Benz,cars,minilm-l12,,"Mercedes-Benz is a German luxury and commercial vehicle automaker headquartered in Stuttgart, Germany. Founded in 1926, the brand is renowned for the S-Class flagship sedan and its high-performance AMG division.",1.0,1.0,0.2,1.0,True,0.06451612903225806,0.7667204141616821,1.0,0.587904691696167,
Which German luxury automaker is headquartered in Stuttgart and produces the S-Class?,Mercedes-Benz,cars,mpnet,,"Mercedes-Benz is a German luxury and commercial vehicle automaker headquartered in Stuttgart, Germany. Founded in 1926, the brand is renowned for the S-Class flagship sedan and its high-performance AMG division.",1.0,1.0,0.2,1.0,True,0.06451612903225806,0.7667204141616821,1.0,0.587904691696167,3.0
Which German luxury automaker is headquartered in Stuttgart and produces the S-Class?,Mercedes-Benz,cars,qwen3,,"Mercedes-Benz is a German luxury and commercial vehicle automaker headquartered in Stuttgart, Germany. Founded in 1926, the brand is renowned for the S-Class flagship sedan and its high-performance AMG division.",1.0,1.0,0.2,1.0,True,0.06451612903225806,0.7667204141616821,,0.587904691696167,
Which Italian automaker is known for its prancing horse logo and luxury sports cars?,Ferrari,cars,bge-base,,"Ferrari is an Italian luxury sports car manufacturer founded by Enzo Ferrari in 1939 and based in Maranello, Italy. It is famous worldwide for its prancing horse logo, iconic red cars, and dominant Formula One racing heritage.",1.0,1.0,0.2,1.0,True,0.052631578947368425,0.6870593428611755,1.0,0.6169227957725525,1.0
Which Italian automaker is known for its prancing horse logo and luxury sports cars?,Ferrari,cars,bge-large,,"Ferrari is an Italian luxury sports car manufacturer founded by Enzo Ferrari in 1939 and based in Maranello, Italy. It is famous worldwide for its prancing horse logo, iconic red cars, and dominant Formula One racing heritage.",1.0,1.0,0.2,1.0,True,0.052631578947368425,0.6870593428611755,0.13696,0.6169227957725525,1.0
Which Italian automaker is known for its prancing horse logo and luxury sports cars?,Ferrari,cars,bge-small,,"Ferrari is an Italian luxury sports car manufacturer founded by Enzo Ferrari in 1939 and based in Maranello, Italy. It is famous worldwide for its prancing horse logo, iconic red cars, and dominant Formula One racing heritage.",1.0,1.0,0.2,1.0,True,0.052631578947368425,0.6870593428611755,0.05,0.6169227957725525,1.0
Which Italian automaker is known for its prancing horse logo and luxury sports cars?,Ferrari,cars,granite,,"Ferrari is an Italian luxury sports car manufacturer founded by Enzo Ferrari in 1939 and based in Maranello, Italy. It is famous worldwide for its prancing horse logo, iconic red cars, and dominant Formula One racing heritage.",1.0,1.0,0.2,1.0,True,0.052631578947368425,0.6870593428611755,1.0,0.6169227957725525,
Which Italian automaker is known for its prancing horse logo and luxury sports cars?,Ferrari,cars,gte-small,,"Ferrari is an Italian luxury sports car manufacturer founded by Enzo Ferrari in 1939 and based in Maranello, Italy. It is famous worldwide for its prancing horse logo, iconic red cars, and dominant Formula One racing heritage.",1.0,1.0,0.2,1.0,True,0.052631578947368425,0.6870593428611755,1.0,0.6169227957725525,1.0
Which Italian automaker is known for its prancing horse logo and luxury sports cars?,Ferrari,cars,harrier,,"Ferrari is an Italian luxury sports car manufacturer founded by Enzo Ferrari in 1939 and based in Maranello, Italy. It is famous worldwide for its prancing horse logo, iconic red cars, and dominant Formula One racing heritage.",1.0,1.0,0.2,1.0,True,0.052631578947368425,0.6870593428611755,1.0,0.6169227957725525,2.0
Which Italian automaker is known for its prancing horse logo and luxury sports cars?,Ferrari,cars,jina,No module named 'custom_st',,,,,,,,,,,
Which Italian automaker is known for its prancing horse logo and luxury sports cars?,Ferrari,cars,minilm-l12,,"Ferrari is an Italian luxury sports car manufacturer founded by Enzo Ferrari in 1939 and based in Maranello, Italy. It is famous worldwide for its prancing horse logo, iconic red cars, and dominant Formula One racing heritage.",1.0,1.0,0.2,1.0,True,0.052631578947368425,0.6870593428611755,1.0,0.6169227957725525,5.0
Which Italian automaker is known for its prancing horse logo and luxury sports cars?,Ferrari,cars,mpnet,,"Ferrari is an Italian luxury sports car manufacturer founded by Enzo Ferrari in 1939 and based in Maranello, Italy. It is famous worldwide for its prancing horse logo, iconic red cars, and dominant Formula One racing heritage.",1.0,1.0,0.2,1.0,True,0.052631578947368425,0.6870593428611755,0.01,0.6169227957725525,
Which Italian automaker is known for its prancing horse logo and luxury sports cars?,Ferrari,cars,qwen3,,"Ferrari is an Italian luxury sports car manufacturer founded by Enzo Ferrari in 1939 and based in Maranello, Italy. It is famous worldwide for its prancing horse logo, iconic red cars, and dominant Formula One racing heritage.",1.0,1.0,0.2,1.0,True,0.052631578947368425,0.6870593428611755,1.0,0.6169227957725525,4.0
What American electric vehicle company was founded by Elon Musk?,Tesla,cars,bge-base,,"Tesla is an American electric vehicle and clean energy company founded in 2003 and headquartered in Austin, Texas. It is led by Elon Musk and known for the Model S, Model 3, and its advanced Autopilot driver-assistance system.",1.0,1.0,0.2,1.0,True,0.05128205128205127,0.6540436744689941,1.0,0.651511549949646,5.0
What American electric vehicle company was founded by Elon Musk?,Tesla,cars,bge-large,,"Tesla is an American electric vehicle and clean energy company founded in 2003 and headquartered in Austin, Texas. It is led by Elon Musk and known for the Model S, Model 3, and its advanced Autopilot driver-assistance system.",1.0,1.0,0.2,1.0,True,0.05128205128205127,0.6540436744689941,0.75,0.651511549949646,
What American electric vehicle company was founded by Elon Musk?,Tesla,cars,bge-small,,"Tesla is an American electric vehicle and clean energy company founded in 2003 and headquartered in Austin, Texas. It is led by Elon Musk and known for the Model S, Model 3, and its advanced Autopilot driver-assistance system.",1.0,1.0,0.2,1.0,True,0.05128205128205127,0.6540436744689941,0.5,0.651511549949646,1.0
What American electric vehicle company was founded by Elon Musk?,Tesla,cars,granite,,"Tesla is an American electric vehicle and clean energy company founded in 2003 and headquartered in Austin, Texas. It is led by Elon Musk and known for the Model S, Model 3, and its advanced Autopilot driver-assistance system.",1.0,1.0,0.2,1.0,True,0.05128205128205127,0.6540436744689941,1.0,0.651511549949646,1.0
What American electric vehicle company was founded by Elon Musk?,Tesla,cars,gte-small,,"Tesla is an American electric vehicle and clean energy company founded in 2003 and headquartered in Austin, Texas. It is led by Elon Musk and known for the Model S, Model 3, and its advanced Autopilot driver-assistance system.",1.0,1.0,0.2,1.0,True,0.05128205128205127,0.6540436744689941,1.0,0.651511549949646,4.0
What American electric vehicle company was founded by Elon Musk?,Tesla,cars,harrier,,"Tesla is an American electric vehicle and clean energy company founded in 2003 and headquartered in Austin, Texas. It is led by Elon Musk and known for the Model S, Model 3, and its advanced Autopilot driver-assistance system.",1.0,1.0,0.2,1.0,True,0.05128205128205127,0.6540436744689941,1.0,0.651511549949646,3.0
What American electric vehicle company was founded by Elon Musk?,Tesla,cars,jina,No module named 'custom_st',,,,,,,,,,,
What American electric vehicle company was founded by Elon Musk?,Tesla,cars,minilm-l12,,"Tesla is an American electric vehicle and clean energy company founded in 2003 and headquartered in Austin, Texas. It is led by Elon Musk and known for the Model S, Model 3, and its advanced Autopilot driver-assistance system.",1.0,1.0,0.2,1.0,True,0.05128205128205127,0.6540436744689941,1.0,0.651511549949646,5.0
What American electric vehicle company was founded by Elon Musk?,Tesla,cars,mpnet,,"Tesla is an American electric vehicle and clean energy company founded in 2003 and headquartered in Austin, Texas. It is led by Elon Musk and known for the Model S, Model 3, and its advanced Autopilot driver-assistance system.",1.0,1.0,0.2,1.0,True,0.05128205128205127,0.6540436744689941,1.0,0.651511549949646,1.0
What American electric vehicle company was founded by Elon Musk?,Tesla,cars,qwen3,,"Tesla is an American electric vehicle and clean energy company founded in 2003 and headquartered in Austin, Texas. It is led by Elon Musk and known for the Model S, Model 3, and its advanced Autopilot driver-assistance system.",1.0,1.0,0.2,1.0,True,0.05128205128205127,0.6540436744689941,1.0,0.651511549949646,1.0
"Which Japanese automaker produces the Corolla, one of the best-selling cars of all time?",Toyota,cars,bge-base,,"Toyota is a Japanese multinational automotive manufacturer headquartered in Toyota City, Japan. It is known for the Corolla, one of the best-selling car models in history, and for pioneering hybrid technology with the Prius.",1.0,1.0,0.2,1.0,True,0.05714285714285715,0.7219144105911255,0.3459,0.7071067690849304,1.0
"Which Japanese automaker produces the Corolla, one of the best-selling cars of all time?",Toyota,cars,bge-large,,"Toyota is a Japanese multinational automotive manufacturer headquartered in Toyota City, Japan. It is known for the Corolla, one of the best-selling car models in history, and for pioneering hybrid technology with the Prius.",1.0,1.0,0.2,1.0,True,0.05714285714285715,0.7219144105911255,1.0,0.7071067690849304,1.0
"Which Japanese automaker produces the Corolla, one of the best-selling cars of all time?",Toyota,cars,bge-small,,"Toyota is a Japanese multinational automotive manufacturer headquartered in Toyota City, Japan. It is known for the Corolla, one of the best-selling car models in history, and for pioneering hybrid technology with the Prius.",1.0,1.0,0.2,1.0,True,0.05714285714285715,0.7219144105911255,0.6,0.7071067690849304,1.0
"Which Japanese automaker produces the Corolla, one of the best-selling cars of all time?",Toyota,cars,granite,,"Toyota is a Japanese multinational automotive manufacturer headquartered in Toyota City, Japan. It is known for the Corolla, one of the best-selling car models in history, and for pioneering hybrid technology with the Prius.",1.0,1.0,0.2,1.0,True,0.05714285714285715,0.7219144105911255,1.0,0.7071067690849304,1.0
"Which Japanese automaker produces the Corolla, one of the best-selling cars of all time?",Toyota,cars,gte-small,,"Toyota is a Japanese multinational automotive manufacturer headquartered in Toyota City, Japan. It is known for the Corolla, one of the best-selling car models in history, and for pioneering hybrid technology with the Prius.",1.0,1.0,0.2,1.0,True,0.05714285714285715,0.7219144105911255,0.5,0.7071067690849304,
"Which Japanese automaker produces the Corolla, one of the best-selling cars of all time?",Toyota,cars,harrier,,"Toyota is a Japanese multinational automotive manufacturer headquartered in Toyota City, Japan. It is known for the Corolla, one of the best-selling car models in history, and for pioneering hybrid technology with the Prius.",1.0,1.0,0.2,1.0,True,0.05714285714285715,0.7219144105911255,1.0,0.7071067690849304,4.0
"Which Japanese automaker produces the Corolla, one of the best-selling cars of all time?",Toyota,cars,jina,No module named 'custom_st',,,,,,,,,,,
"Which Japanese automaker produces the Corolla, one of the best-selling cars of all time?",Toyota,cars,minilm-l12,,"Toyota is a Japanese multinational automotive manufacturer headquartered in Toyota City, Japan. It is known for the Corolla, one of the best-selling car models in history, and for pioneering hybrid technology with the Prius.",1.0,1.0,0.2,1.0,True,0.05714285714285715,0.7219144105911255,0.999,0.7071067690849304,4.0
"Which Japanese automaker produces the Corolla, one of the best-selling cars of all time?",Toyota,cars,mpnet,,"Toyota is a Japanese multinational automotive manufacturer headquartered in Toyota City, Japan. It is known for the Corolla, one of the best-selling car models in history, and for pioneering hybrid technology with the Prius.",1.0,1.0,0.2,1.0,True,0.05714285714285715,0.7219144105911255,1.0,0.7071067690849304,1.0
"Which Japanese automaker produces the Corolla, one of the best-selling cars of all time?",Toyota,cars,qwen3,,"Toyota is a Japanese multinational automotive manufacturer headquartered in Toyota City, Japan. It is known for the Corolla, one of the best-selling car models in history, and for pioneering hybrid technology with the Prius.",1.0,1.0,0.2,1.0,True,0.05714285714285715,0.7219144105911255,1.0,0.7071067690849304,
"Which cuisine is known for sushi, ramen, and tempura?",Japanese,cuisines,bge-base,,"Japanese cuisine is celebrated for its precision, seasonal ingredients, and umami flavors, featuring sushi, ramen, and tempura. Washoku, the traditional Japanese meal format, is recognized by UNESCO as intangible cultural heritage.",1.0,1.0,0.2,1.0,True,0.0625,0.3966119885444641,1.0,0.6110774874687195,1.0
"Which cuisine is known for sushi, ramen, and tempura?",Japanese,cuisines,bge-large,,"Japanese cuisine is celebrated for its precision, seasonal ingredients, and umami flavors, featuring sushi, ramen, and tempura. Washoku, the traditional Japanese meal format, is recognized by UNESCO as intangible cultural heritage.",1.0,1.0,0.2,1.0,True,0.0625,0.3966119885444641,0.5,0.6110774874687195,1.0
"Which cuisine is known for sushi, ramen, and tempura?",Japanese,cuisines,bge-small,,"Japanese cuisine is celebrated for its precision, seasonal ingredients, and umami flavors, featuring sushi, ramen, and tempura. Washoku, the traditional Japanese meal format, is recognized by UNESCO as intangible cultural heritage.",1.0,1.0,0.2,1.0,True,0.0625,0.3966119885444641,1.0,0.6110774874687195,
"Which cuisine is known for sushi, ramen, and tempura?",Japanese,cuisines,granite,,"Japanese cuisine is celebrated for its precision, seasonal ingredients, and umami flavors, featuring sushi, ramen, and tempura. Washoku, the traditional Japanese meal format, is recognized by UNESCO as intangible cultural heritage.",1.0,1.0,0.2,1.0,True,0.0625,0.3966119885444641,,0.6110774874687195,
"Which cuisine is known for sushi, ramen, and tempura?",Japanese,cuisines,gte-small,,"Japanese cuisine is celebrated for its precision, seasonal ingredients, and umami flavors, featuring sushi, ramen, and tempura. Washoku, the traditional Japanese meal format, is recognized by UNESCO as intangible cultural heritage.",1.0,1.0,0.2,1.0,True,0.0625,0.3966119885444641,1.0,0.6110774874687195,1.0
"Which cuisine is known for sushi, ramen, and tempura?",Japanese,cuisines,harrier,,"Japanese cuisine is celebrated for its precision, seasonal ingredients, and umami flavors, featuring sushi, ramen, and tempura. Washoku, the traditional Japanese meal format, is recognized by UNESCO as intangible cultural heritage.",1.0,1.0,0.2,1.0,True,0.0625,0.3966119885444641,1.0,0.6110774874687195,1.0
"Which cuisine is known for sushi, ramen, and tempura?",Japanese,cuisines,jina,No module named 'custom_st',,,,,,,,,,,
"Which cuisine is known for sushi, ramen, and tempura?",Japanese,cuisines,minilm-l12,,"Japanese cuisine is celebrated for its precision, seasonal ingredients, and umami flavors, featuring sushi, ramen, and tempura. Washoku, the traditional Japanese meal format, is recognized by UNESCO as intangible cultural heritage.",1.0,1.0,0.2,1.0,True,0.0625,0.3966119885444641,,0.6110774874687195,
"Which cuisine is known for sushi, ramen, and tempura?",Japanese,cuisines,mpnet,,"Japanese cuisine is celebrated for its precision, seasonal ingredients, and umami flavors, featuring sushi, ramen, and tempura. Washoku, the traditional Japanese meal format, is recognized by UNESCO as intangible cultural heritage.",1.0,1.0,0.2,1.0,True,0.0625,0.3966119885444641,,0.6110774874687195,
"Which cuisine is known for sushi, ramen, and tempura?",Japanese,cuisines,qwen3,,"Japanese cuisine is celebrated for its precision, seasonal ingredients, and umami flavors, featuring sushi, ramen, and tempura. Washoku, the traditional Japanese meal format, is recognized by UNESCO as intangible cultural heritage.",1.0,1.0,0.2,1.0,True,0.0625,0.3966119885444641,1.0,0.6110774874687195,1.0
"Which cuisine is famous for pasta, pizza, and gelato?",Italian,cuisines,bge-base,,"Italian cuisine is known worldwide for its regional diversity, emphasis on fresh ingredients, and dishes like pasta, pizza, and gelato. It is rooted in centuries of culinary tradition from Tuscany, Emilia-Romagna, and Sicily.",1.0,1.0,0.2,1.0,True,0.05882352941176471,0.5399820804595947,,0.7291544675827026,
"Which cuisine is famous for pasta, pizza, and gelato?",Italian,cuisines,bge-large,,"Italian cuisine is known worldwide for its regional diversity, emphasis on fresh ingredients, and dishes like pasta, pizza, and gelato. It is rooted in centuries of culinary tradition from Tuscany, Emilia-Romagna, and Sicily.",1.0,1.0,0.2,1.0,True,0.05882352941176471,0.5399820804595947,,0.7291544675827026,1.0
"Which cuisine is famous for pasta, pizza, and gelato?",Italian,cuisines,bge-small,,"Italian cuisine is known worldwide for its regional diversity, emphasis on fresh ingredients, and dishes like pasta, pizza, and gelato. It is rooted in centuries of culinary tradition from Tuscany, Emilia-Romagna, and Sicily.",1.0,1.0,0.2,1.0,True,0.05882352941176471,0.5399820804595947,,0.7291544675827026,2.0
"Which cuisine is famous for pasta, pizza, and gelato?",Italian,cuisines,granite,,"Italian cuisine is known worldwide for its regional diversity, emphasis on fresh ingredients, and dishes like pasta, pizza, and gelato. It is rooted in centuries of culinary tradition from Tuscany, Emilia-Romagna, and Sicily.",1.0,1.0,0.2,1.0,True,0.05882352941176471,0.5399820804595947,,0.7291544675827026,1.0
"Which cuisine is famous for pasta, pizza, and gelato?",Italian,cuisines,gte-small,,"Italian cuisine is known worldwide for its regional diversity, emphasis on fresh ingredients, and dishes like pasta, pizza, and gelato. It is rooted in centuries of culinary tradition from Tuscany, Emilia-Romagna, and Sicily.",1.0,1.0,0.2,1.0,True,0.05882352941176471,0.5399820804595947,,0.7291544675827026,
"Which cuisine is famous for pasta, pizza, and gelato?",Italian,cuisines,harrier,,"Italian cuisine is known worldwide for its regional diversity, emphasis on fresh ingredients, and dishes like pasta, pizza, and gelato. It is rooted in centuries of culinary tradition from Tuscany, Emilia-Romagna, and Sicily.",1.0,1.0,0.2,1.0,True,0.05882352941176471,0.5399820804595947,0.0005,0.7291544675827026,
"Which cuisine is famous for pasta, pizza, and gelato?",Italian,cuisines,jina,No module named 'custom_st',,,,,,,,,,,
"Which cuisine is famous for pasta, pizza, and gelato?",Italian,cuisines,minilm-l12,,"Italian cuisine is known worldwide for its regional diversity, emphasis on fresh ingredients, and dishes like pasta, pizza, and gelato. It is rooted in centuries of culinary tradition from Tuscany, Emilia-Romagna, and Sicily.",1.0,1.0,0.2,1.0,True,0.05882352941176471,0.5399820804595947,,0.7291544675827026,
"Which cuisine is famous for pasta, pizza, and gelato?",Italian,cuisines,mpnet,,"Italian cuisine is known worldwide for its regional diversity, emphasis on fresh ingredients, and dishes like pasta, pizza, and gelato. It is rooted in centuries of culinary tradition from Tuscany, Emilia-Romagna, and Sicily.",1.0,1.0,0.2,1.0,True,0.05882352941176471,0.5399820804595947,,0.7291544675827026,4.5
"Which cuisine is famous for pasta, pizza, and gelato?",Italian,cuisines,qwen3,,"Italian cuisine is known worldwide for its regional diversity, emphasis on fresh ingredients, and dishes like pasta, pizza, and gelato. It is rooted in centuries of culinary tradition from Tuscany, Emilia-Romagna, and Sicily.",1.0,1.0,0.2,1.0,True,0.05882352941176471,0.5399820804595947,1.0,0.7291544675827026,5.0
Which cuisine is known for its use of injera bread and wat stews?,Ethiopian,cuisines,bge-base,,"Ethiopian cuisine is unique in Africa for its use of injera, a spongy sourdough flatbread, and spicy wat stews made with berbere seasoning. Meals are traditionally shared from a communal platter using pieces of injera.",1.0,1.0,0.2,1.0,True,0.05555555555555556,0.5412495732307434,,0.6927093863487244,1.0
Which cuisine is known for its use of injera bread and wat stews?,Ethiopian,cuisines,bge-large,,"Ethiopian cuisine is unique in Africa for its use of injera, a spongy sourdough flatbread, and spicy wat stews made with berbere seasoning. Meals are traditionally shared from a communal platter using pieces of injera.",1.0,1.0,0.2,1.0,True,0.05555555555555556,0.5412495732307434,0.5,0.6927093863487244,1.0
Which cuisine is known for its use of injera bread and wat stews?,Ethiopian,cuisines,bge-small,,"Ethiopian cuisine is unique in Africa for its use of injera, a spongy sourdough flatbread, and spicy wat stews made with berbere seasoning. Meals are traditionally shared from a communal platter using pieces of injera.",1.0,1.0,0.2,1.0,True,0.05555555555555556,0.5412495732307434,0.5,0.6927093863487244,
Which cuisine is known for its use of injera bread and wat stews?,Ethiopian,cuisines,granite,,"Ethiopian cuisine is unique in Africa for its use of injera, a spongy sourdough flatbread, and spicy wat stews made with berbere seasoning. Meals are traditionally shared from a communal platter using pieces of injera.",1.0,1.0,0.2,1.0,True,0.05555555555555556,0.5412495732307434,,0.6927093863487244,1.0
Which cuisine is known for its use of injera bread and wat stews?,Ethiopian,cuisines,gte-small,,"Ethiopian cuisine is unique in Africa for its use of injera, a spongy sourdough flatbread, and spicy wat stews made with berbere seasoning. Meals are traditionally shared from a communal platter using pieces of injera.",1.0,1.0,0.2,1.0,True,0.05555555555555556,0.5412495732307434,,0.6927093863487244,5.0
Which cuisine is known for its use of injera bread and wat stews?,Ethiopian,cuisines,harrier,,"Ethiopian cuisine is unique in Africa for its use of injera, a spongy sourdough flatbread, and spicy wat stews made with berbere seasoning. Meals are traditionally shared from a communal platter using pieces of injera.",1.0,1.0,0.2,1.0,True,0.05555555555555556,0.5412495732307434,1.0,0.6927093863487244,
Which cuisine is known for its use of injera bread and wat stews?,Ethiopian,cuisines,jina,No module named 'custom_st',,,,,,,,,,,
Which cuisine is known for its use of injera bread and wat stews?,Ethiopian,cuisines,minilm-l12,,"Indian cuisine is characterized by its extensive use of spices, lentils, and rice, with regional variations across the subcontinent. Popular dishes include curry, biryani, naan bread, and tandoori preparations.",1.0,0.5,0.2,0.6309297535714575,False,0.0,0.137887105345726,0.5,0.5320253968238831,
Which cuisine is known for its use of injera bread and wat stews?,Ethiopian,cuisines,mpnet,,"Ethiopian cuisine is unique in Africa for its use of injera, a spongy sourdough flatbread, and spicy wat stews made with berbere seasoning. Meals are traditionally shared from a communal platter using pieces of injera.",1.0,1.0,0.2,1.0,True,0.05555555555555556,0.5412495732307434,1.0,0.6927093863487244,1.0
Which cuisine is known for its use of injera bread and wat stews?,Ethiopian,cuisines,qwen3,,"Ethiopian cuisine is unique in Africa for its use of injera, a spongy sourdough flatbread, and spicy wat stews made with berbere seasoning. Meals are traditionally shared from a communal platter using pieces of injera.",1.0,1.0,0.2,1.0,True,0.05555555555555556,0.5412495732307434,0.0,0.6927093863487244,1.0
"Which genre originated in New Orleans and features improvisation, brass instruments, and swing?",Jazz,music_genres,bge-base,,"Jazz is a music genre that originated in New Orleans in the early 20th century, blending African-American musical traditions with European harmonic structures. It is characterized by improvisation, brass instruments, syncopation, and swing rhythm.",1.0,1.0,0.2,1.0,True,0.05714285714285715,0.7256171107292175,1.0,0.6656846404075623,5.0
"Which genre originated in New Orleans and features improvisation, brass instruments, and swing?",Jazz,music_genres,bge-large,,"Jazz is a music genre that originated in New Orleans in the early 20th century, blending African-American musical traditions with European harmonic structures. It is characterized by improvisation, brass instruments, syncopation, and swing rhythm.",1.0,1.0,0.2,1.0,True,0.05714285714285715,0.7256171107292175,0.05,0.6656846404075623,1.0
"Which genre originated in New Orleans and features improvisation, brass instruments, and swing?",Jazz,music_genres,bge-small,,"Jazz is a music genre that originated in New Orleans in the early 20th century, blending African-American musical traditions with European harmonic structures. It is characterized by improvisation, brass instruments, syncopation, and swing rhythm.",1.0,1.0,0.2,1.0,True,0.05714285714285715,0.7256171107292175,1.0,0.6656846404075623,5.0
"Which genre originated in New Orleans and features improvisation, brass instruments, and swing?",Jazz,music_genres,granite,,"Jazz is a music genre that originated in New Orleans in the early 20th century, blending African-American musical traditions with European harmonic structures. It is characterized by improvisation, brass instruments, syncopation, and swing rhythm.",1.0,1.0,0.2,1.0,True,0.05714285714285715,0.7256171107292175,0.5,0.6656846404075623,3.0
"Which genre originated in New Orleans and features improvisation, brass instruments, and swing?",Jazz,music_genres,gte-small,,"Jazz is a music genre that originated in New Orleans in the early 20th century, blending African-American musical traditions with European harmonic structures. It is characterized by improvisation, brass instruments, syncopation, and swing rhythm.",1.0,1.0,0.2,1.0,True,0.05714285714285715,0.7256171107292175,1.0,0.6656846404075623,5.0
"Which genre originated in New Orleans and features improvisation, brass instruments, and swing?",Jazz,music_genres,harrier,,"Jazz is a music genre that originated in New Orleans in the early 20th century, blending African-American musical traditions with European harmonic structures. It is characterized by improvisation, brass instruments, syncopation, and swing rhythm.",1.0,1.0,0.2,1.0,True,0.05714285714285715,0.7256171107292175,1.0,0.6656846404075623,5.0
"Which genre originated in New Orleans and features improvisation, brass instruments, and swing?",Jazz,music_genres,jina,No module named 'custom_st',,,,,,,,,,,
"Which genre originated in New Orleans and features improvisation, brass instruments, and swing?",Jazz,music_genres,minilm-l12,,"Jazz is a music genre that originated in New Orleans in the early 20th century, blending African-American musical traditions with European harmonic structures. It is characterized by improvisation, brass instruments, syncopation, and swing rhythm.",1.0,1.0,0.2,1.0,True,0.05714285714285715,0.7256171107292175,1.0,0.6656846404075623,5.0
"Which genre originated in New Orleans and features improvisation, brass instruments, and swing?",Jazz,music_genres,mpnet,,"Jazz is a music genre that originated in New Orleans in the early 20th century, blending African-American musical traditions with European harmonic structures. It is characterized by improvisation, brass instruments, syncopation, and swing rhythm.",1.0,1.0,0.2,1.0,True,0.05714285714285715,0.7256171107292175,0.5,0.6656846404075623,5.0
"Which genre originated in New Orleans and features improvisation, brass instruments, and swing?",Jazz,music_genres,qwen3,,"Jazz is a music genre that originated in New Orleans in the early 20th century, blending African-American musical traditions with European harmonic structures. It is characterized by improvisation, brass instruments, syncopation, and swing rhythm.",1.0,1.0,0.2,1.0,True,0.05714285714285715,0.7256171107292175,1.0,0.6656846404075623,3.0
"Which genre originated in the Bronx in the 1970s and includes rapping, DJing, and breakdancing?",Hip-Hop,music_genres,bge-base,,"Hip-Hop is a cultural movement and music genre that emerged in the Bronx, New York City in the 1970s. It is built on four elements: rapping, DJing, breakdancing, and graffiti art, with artists like Grandmaster Flash and Tupac Shakur.",1.0,1.0,0.2,1.0,True,0.05,0.712553858757019,0.0,0.6026630997657776,1.0
"Which genre originated in the Bronx in the 1970s and includes rapping, DJing, and breakdancing?",Hip-Hop,music_genres,bge-large,,"Hip-Hop is a cultural movement and music genre that emerged in the Bronx, New York City in the 1970s. It is built on four elements: rapping, DJing, breakdancing, and graffiti art, with artists like Grandmaster Flash and Tupac Shakur.",1.0,1.0,0.2,1.0,True,0.05,0.712553858757019,1.0,0.6026630997657776,2.0
"Which genre originated in the Bronx in the 1970s and includes rapping, DJing, and breakdancing?",Hip-Hop,music_genres,bge-small,,"Hip-Hop is a cultural movement and music genre that emerged in the Bronx, New York City in the 1970s. It is built on four elements: rapping, DJing, breakdancing, and graffiti art, with artists like Grandmaster Flash and Tupac Shakur.",1.0,1.0,0.2,1.0,True,0.05,0.712553858757019,0.5693,0.6026630997657776,1.0
"Which genre originated in the Bronx in the 1970s and includes rapping, DJing, and breakdancing?",Hip-Hop,music_genres,granite,,"Hip-Hop is a cultural movement and music genre that emerged in the Bronx, New York City in the 1970s. It is built on four elements: rapping, DJing, breakdancing, and graffiti art, with artists like Grandmaster Flash and Tupac Shakur.",1.0,1.0,0.2,1.0,True,0.05,0.712553858757019,0.5823,0.6026630997657776,5.0
"Which genre originated in the Bronx in the 1970s and includes rapping, DJing, and breakdancing?",Hip-Hop,music_genres,gte-small,,"Hip-Hop is a cultural movement and music genre that emerged in the Bronx, New York City in the 1970s. It is built on four elements: rapping, DJing, breakdancing, and graffiti art, with artists like Grandmaster Flash and Tupac Shakur.",1.0,1.0,0.2,1.0,True,0.05,0.712553858757019,0.01,0.6026630997657776,3.0
"Which genre originated in the Bronx in the 1970s and includes rapping, DJing, and breakdancing?",Hip-Hop,music_genres,harrier,,"Hip-Hop is a cultural movement and music genre that emerged in the Bronx, New York City in the 1970s. It is built on four elements: rapping, DJing, breakdancing, and graffiti art, with artists like Grandmaster Flash and Tupac Shakur.",1.0,1.0,0.2,1.0,True,0.05,0.712553858757019,1.0,0.6026630997657776,5.0
"Which genre originated in the Bronx in the 1970s and includes rapping, DJing, and breakdancing?",Hip-Hop,music_genres,jina,No module named 'custom_st',,,,,,,,,,,
"Which genre originated in the Bronx in the 1970s and includes rapping, DJing, and breakdancing?",Hip-Hop,music_genres,minilm-l12,,"Hip-Hop is a cultural movement and music genre that emerged in the Bronx, New York City in the 1970s. It is built on four elements: rapping, DJing, breakdancing, and graffiti art, with artists like Grandmaster Flash and Tupac Shakur.",1.0,1.0,0.2,1.0,True,0.05,0.712553858757019,1.0,0.6026630997657776,
"Which genre originated in the Bronx in the 1970s and includes rapping, DJing, and breakdancing?",Hip-Hop,music_genres,mpnet,,"Hip-Hop is a cultural movement and music genre that emerged in the Bronx, New York City in the 1970s. It is built on four elements: rapping, DJing, breakdancing, and graffiti art, with artists like Grandmaster Flash and Tupac Shakur.",1.0,1.0,0.2,1.0,True,0.05,0.712553858757019,,0.6026630997657776,4.5
"Which genre originated in the Bronx in the 1970s and includes rapping, DJing, and breakdancing?",Hip-Hop,music_genres,qwen3,,"Hip-Hop is a cultural movement and music genre that emerged in the Bronx, New York City in the 1970s. It is built on four elements: rapping, DJing, breakdancing, and graffiti art, with artists like Grandmaster Flash and Tupac Shakur.",1.0,1.0,0.2,1.0,True,0.05,0.712553858757019,1.0,0.6026630997657776,5.0
"Which language is known for its use in data science, machine learning, and has a famous snake-themed name?",Python,programming_languages,bge-base,,"Python is a high-level, interpreted programming language known for its readability, extensive standard library, and use in data science and machine learning. It was created by Guido van Rossum and emphasizes code simplicity with significant whitespace indentation.",1.0,1.0,0.2,1.0,True,0.052631578947368425,0.6996570229530334,0.05,0.4953574538230896,1.0
"Which language is known for its use in data science, machine learning, and has a famous snake-themed name?",Python,programming_languages,bge-large,,"Python is a high-level, interpreted programming language known for its readability, extensive standard library, and use in data science and machine learning. It was created by Guido van Rossum and emphasizes code simplicity with significant whitespace indentation.",1.0,1.0,0.2,1.0,True,0.052631578947368425,0.6996570229530334,0.5,0.4953574538230896,
"Which language is known for its use in data science, machine learning, and has a famous snake-themed name?",Python,programming_languages,bge-small,,"Python is a high-level, interpreted programming language known for its readability, extensive standard library, and use in data science and machine learning. It was created by Guido van Rossum and emphasizes code simplicity with significant whitespace indentation.",1.0,1.0,0.2,1.0,True,0.052631578947368425,0.6996570229530334,1.0,0.4953574538230896,2.0
"Which language is known for its use in data science, machine learning, and has a famous snake-themed name?",Python,programming_languages,granite,,"Python is a high-level, interpreted programming language known for its readability, extensive standard library, and use in data science and machine learning. It was created by Guido van Rossum and emphasizes code simplicity with significant whitespace indentation.",1.0,1.0,0.2,1.0,True,0.052631578947368425,0.6996570229530334,1e-15,0.4953574538230896,
"Which language is known for its use in data science, machine learning, and has a famous snake-themed name?",Python,programming_languages,gte-small,,"Python is a high-level, interpreted programming language known for its readability, extensive standard library, and use in data science and machine learning. It was created by Guido van Rossum and emphasizes code simplicity with significant whitespace indentation.",1.0,1.0,0.2,1.0,True,0.052631578947368425,0.6996570229530334,,0.4953574538230896,
"Which language is known for its use in data science, machine learning, and has a famous snake-themed name?",Python,programming_languages,harrier,,"Python is a high-level, interpreted programming language known for its readability, extensive standard library, and use in data science and machine learning. It was created by Guido van Rossum and emphasizes code simplicity with significant whitespace indentation.",1.0,1.0,0.2,1.0,True,0.052631578947368425,0.6996570229530334,1.0,0.4953574538230896,
"Which language is known for its use in data science, machine learning, and has a famous snake-themed name?",Python,programming_languages,jina,No module named 'custom_st',,,,,,,,,,,
"Which language is known for its use in data science, machine learning, and has a famous snake-themed name?",Python,programming_languages,minilm-l12,,"Python is a high-level, interpreted programming language known for its readability, extensive standard library, and use in data science and machine learning. It was created by Guido van Rossum and emphasizes code simplicity with significant whitespace indentation.",1.0,1.0,0.2,1.0,True,0.052631578947368425,0.6996570229530334,0.7,0.4953574538230896,
"Which language is known for its use in data science, machine learning, and has a famous snake-themed name?",Python,programming_languages,mpnet,,"Python is a high-level, interpreted programming language known for its readability, extensive standard library, and use in data science and machine learning. It was created by Guido van Rossum and emphasizes code simplicity with significant whitespace indentation.",1.0,1.0,0.2,1.0,True,0.052631578947368425,0.6996570229530334,1.0,0.4953574538230896,
"Which language is known for its use in data science, machine learning, and has a famous snake-themed name?",Python,programming_languages,qwen3,,"Python is a high-level, interpreted programming language known for its readability, extensive standard library, and use in data science and machine learning. It was created by Guido van Rossum and emphasizes code simplicity with significant whitespace indentation.",1.0,1.0,0.2,1.0,True,0.052631578947368425,0.6996570229530334,1.0,0.4953574538230896,
"Which language is known for its ownership model, memory safety, and is used in systems programming?",Rust,programming_languages,bge-base,,"Rust is a systems programming language focused on safety, performance, and concurrency without a garbage collector. Its ownership model guarantees memory safety by enforcing strict compile-time borrowing and lifetime rules.",1.0,1.0,0.2,1.0,True,0.06451612903225806,0.5924579501152039,1.0,0.6411502361297607,
"Which language is known for its ownership model, memory safety, and is used in systems programming?",Rust,programming_languages,bge-large,,"Rust is a systems programming language focused on safety, performance, and concurrency without a garbage collector. Its ownership model guarantees memory safety by enforcing strict compile-time borrowing and lifetime rules.",1.0,1.0,0.2,1.0,True,0.06451612903225806,0.5924579501152039,1.0,0.6411502361297607,
"Which language is known for its ownership model, memory safety, and is used in systems programming?",Rust,programming_languages,bge-small,,"Rust is a systems programming language focused on safety, performance, and concurrency without a garbage collector. Its ownership model guarantees memory safety by enforcing strict compile-time borrowing and lifetime rules.",1.0,1.0,0.2,1.0,True,0.06451612903225806,0.5924579501152039,1.0,0.6411502361297607,
"Which language is known for its ownership model, memory safety, and is used in systems programming?",Rust,programming_languages,granite,,"Rust is a systems programming language focused on safety, performance, and concurrency without a garbage collector. Its ownership model guarantees memory safety by enforcing strict compile-time borrowing and lifetime rules.",1.0,1.0,0.2,1.0,True,0.06451612903225806,0.5924579501152039,0.5,0.6411502361297607,
"Which language is known for its ownership model, memory safety, and is used in systems programming?",Rust,programming_languages,gte-small,,"Rust is a systems programming language focused on safety, performance, and concurrency without a garbage collector. Its ownership model guarantees memory safety by enforcing strict compile-time borrowing and lifetime rules.",1.0,1.0,0.2,1.0,True,0.06451612903225806,0.5924579501152039,0.01,0.6411502361297607,
"Which language is known for its ownership model, memory safety, and is used in systems programming?",Rust,programming_languages,harrier,,"Rust is a systems programming language focused on safety, performance, and concurrency without a garbage collector. Its ownership model guarantees memory safety by enforcing strict compile-time borrowing and lifetime rules.",1.0,1.0,0.2,1.0,True,0.06451612903225806,0.5924579501152039,1.0,0.6411502361297607,
"Which language is known for its ownership model, memory safety, and is used in systems programming?",Rust,programming_languages,jina,No module named 'custom_st',,,,,,,,,,,
"Which language is known for its ownership model, memory safety, and is used in systems programming?",Rust,programming_languages,minilm-l12,,"Rust is a systems programming language focused on safety, performance, and concurrency without a garbage collector. Its ownership model guarantees memory safety by enforcing strict compile-time borrowing and lifetime rules.",1.0,1.0,0.2,1.0,True,0.06451612903225806,0.5924579501152039,1e-24,0.6411502361297607,
"Which language is known for its ownership model, memory safety, and is used in systems programming?",Rust,programming_languages,mpnet,,"Rust is a systems programming language focused on safety, performance, and concurrency without a garbage collector. Its ownership model guarantees memory safety by enforcing strict compile-time borrowing and lifetime rules.",1.0,1.0,0.2,1.0,True,0.06451612903225806,0.5924579501152039,0.5,0.6411502361297607,
"Which language is known for its ownership model, memory safety, and is used in systems programming?",Rust,programming_languages,qwen3,,"Rust is a systems programming language focused on safety, performance, and concurrency without a garbage collector. Its ownership model guarantees memory safety by enforcing strict compile-time borrowing and lifetime rules.",1.0,1.0,0.2,1.0,True,0.06451612903225806,0.5924579501152039,0.0009,0.6411502361297607,
"Which field studies celestial objects like stars, galaxies, and black holes?",Astrophysics,science_fields,bge-base,,"Astrophysics is the branch of astronomy that applies physics principles to understand celestial objects, including stars, galaxies, and black holes. It studies phenomena like gravitational waves, cosmic microwave background radiation, and stellar evolution.",1.0,1.0,0.2,1.0,True,0.05882352941176471,0.6782999634742737,1.0,0.6835599541664124,
"Which field studies celestial objects like stars, galaxies, and black holes?",Astrophysics,science_fields,bge-large,,"Astrophysics is the branch of astronomy that applies physics principles to understand celestial objects, including stars, galaxies, and black holes. It studies phenomena like gravitational waves, cosmic microwave background radiation, and stellar evolution.",1.0,1.0,0.2,1.0,True,0.05882352941176471,0.6782999634742737,1.0,0.6835599541664124,
"Which field studies celestial objects like stars, galaxies, and black holes?",Astrophysics,science_fields,bge-small,,"Astronomy is the natural science that studies celestial objects, space, and the physical universe as a whole. It involves observing stars, planets, comets, and galaxies using telescopes and space-based instruments.",1.0,0.5,0.2,0.6309297535714575,False,0.0,0.5092058181762695,1.0,0.6228580474853516,1.0
"Which field studies celestial objects like stars, galaxies, and black holes?",Astrophysics,science_fields,granite,,"Astronomy is the natural science that studies celestial objects, space, and the physical universe as a whole. It involves observing stars, planets, comets, and galaxies using telescopes and space-based instruments.",1.0,0.5,0.2,0.6309297535714575,False,0.0,0.5092058181762695,1.0,0.6228580474853516,
"Which field studies celestial objects like stars, galaxies, and black holes?",Astrophysics,science_fields,gte-small,,"Astrophysics is the branch of astronomy that applies physics principles to understand celestial objects, including stars, galaxies, and black holes. It studies phenomena like gravitational waves, cosmic microwave background radiation, and stellar evolution.",1.0,1.0,0.2,1.0,True,0.05882352941176471,0.6782999634742737,1.0,0.6835599541664124,
"Which field studies celestial objects like stars, galaxies, and black holes?",Astrophysics,science_fields,harrier,,"Astronomy is the natural science that studies celestial objects, space, and the physical universe as a whole. It involves observing stars, planets, comets, and galaxies using telescopes and space-based instruments.",1.0,0.5,0.2,0.6309297535714575,False,0.0,0.5092058181762695,,0.6228580474853516,2.0
"Which field studies celestial objects like stars, galaxies, and black holes?",Astrophysics,science_fields,jina,No module named 'custom_st',,,,,,,,,,,
"Which field studies celestial objects like stars, galaxies, and black holes?",Astrophysics,science_fields,minilm-l12,,"Astronomy is the natural science that studies celestial objects, space, and the physical universe as a whole. It involves observing stars, planets, comets, and galaxies using telescopes and space-based instruments.",1.0,0.5,0.2,0.6309297535714575,False,0.0,0.5092058181762695,1.0,0.6228580474853516,
"Which field studies celestial objects like stars, galaxies, and black holes?",Astrophysics,science_fields,mpnet,,"Astrophysics is the branch of astronomy that applies physics principles to understand celestial objects, including stars, galaxies, and black holes. It studies phenomena like gravitational waves, cosmic microwave background radiation, and stellar evolution.",1.0,1.0,0.2,1.0,True,0.05882352941176471,0.6782999634742737,0.75,0.6835599541664124,
"Which field studies celestial objects like stars, galaxies, and black holes?",Astrophysics,science_fields,qwen3,,"Astrophysics is the branch of astronomy that applies physics principles to understand celestial objects, including stars, galaxies, and black holes. It studies phenomena like gravitational waves, cosmic microwave background radiation, and stellar evolution.",1.0,1.0,0.2,1.0,True,0.05882352941176471,0.6782999634742737,1.0,0.6835599541664124,
"Which field focuses on the study of genes, DNA, and heredity?",Genetics,science_fields,bge-base,,"Genetics is the study of genes, genetic variation, and heredity in living organisms. It encompasses DNA structure, gene expression, mutation, inheritance patterns, and the field of genomics made possible by DNA sequencing.",1.0,1.0,0.2,1.0,True,0.06060606060606061,0.6617386937141418,1.0,0.6661065220832825,
"Which field focuses on the study of genes, DNA, and heredity?",Genetics,science_fields,bge-large,,"Genetics is the study of genes, genetic variation, and heredity in living organisms. It encompasses DNA structure, gene expression, mutation, inheritance patterns, and the field of genomics made possible by DNA sequencing.",1.0,1.0,0.2,1.0,True,0.06060606060606061,0.6617386937141418,1.0,0.6661065220832825,
"Which field focuses on the study of genes, DNA, and heredity?",Genetics,science_fields,bge-small,,"Genetics is the study of genes, genetic variation, and heredity in living organisms. It encompasses DNA structure, gene expression, mutation, inheritance patterns, and the field of genomics made possible by DNA sequencing.",1.0,1.0,0.2,1.0,True,0.06060606060606061,0.6617386937141418,1e-05,0.6661065220832825,
"Which field focuses on the study of genes, DNA, and heredity?",Genetics,science_fields,granite,,"Genetics is the study of genes, genetic variation, and heredity in living organisms. It encompasses DNA structure, gene expression, mutation, inheritance patterns, and the field of genomics made possible by DNA sequencing.",1.0,1.0,0.2,1.0,True,0.06060606060606061,0.6617386937141418,0.02,0.6661065220832825,4.0
"Which field focuses on the study of genes, DNA, and heredity?",Genetics,science_fields,gte-small,,"Genetics is the study of genes, genetic variation, and heredity in living organisms. It encompasses DNA structure, gene expression, mutation, inheritance patterns, and the field of genomics made possible by DNA sequencing.",1.0,1.0,0.2,1.0,True,0.06060606060606061,0.6617386937141418,1.0,0.6661065220832825,
"Which field focuses on the study of genes, DNA, and heredity?",Genetics,science_fields,harrier,,"Genetics is the study of genes, genetic variation, and heredity in living organisms. It encompasses DNA structure, gene expression, mutation, inheritance patterns, and the field of genomics made possible by DNA sequencing.",1.0,1.0,0.2,1.0,True,0.06060606060606061,0.6617386937141418,1.0,0.6661065220832825,4.0
"Which field focuses on the study of genes, DNA, and heredity?",Genetics,science_fields,jina,No module named 'custom_st',,,,,,,,,,,
"Which field focuses on the study of genes, DNA, and heredity?",Genetics,science_fields,minilm-l12,,"Genetics is the study of genes, genetic variation, and heredity in living organisms. It encompasses DNA structure, gene expression, mutation, inheritance patterns, and the field of genomics made possible by DNA sequencing.",1.0,1.0,0.2,1.0,True,0.06060606060606061,0.6617386937141418,1.0,0.6661065220832825,
"Which field focuses on the study of genes, DNA, and heredity?",Genetics,science_fields,mpnet,,"Genetics is the study of genes, genetic variation, and heredity in living organisms. It encompasses DNA structure, gene expression, mutation, inheritance patterns, and the field of genomics made possible by DNA sequencing.",1.0,1.0,0.2,1.0,True,0.06060606060606061,0.6617386937141418,0.9515,0.6661065220832825,
"Which field focuses on the study of genes, DNA, and heredity?",Genetics,science_fields,qwen3,,"Genetics is the study of genes, genetic variation, and heredity in living organisms. It encompasses DNA structure, gene expression, mutation, inheritance patterns, and the field of genomics made possible by DNA sequencing.",1.0,1.0,0.2,1.0,True,0.06060606060606061,0.6617386937141418,,0.6661065220832825,
Which field deals with the design and building of robots and automated systems?,Robotics,science_fields,bge-base,,"Robotics is an interdisciplinary field combining mechanical engineering, electrical engineering, and computer science to design and build robots. Applications range from industrial manufacturing automation to surgical assistance and autonomous vehicles.",1.0,1.0,0.2,1.0,True,0.06451612903225806,0.7013993263244629,1.0,0.7627617120742798,
Which field deals with the design and building of robots and automated systems?,Robotics,science_fields,bge-large,,"Robotics is an interdisciplinary field combining mechanical engineering, electrical engineering, and computer science to design and build robots. Applications range from industrial manufacturing automation to surgical assistance and autonomous vehicles.",1.0,1.0,0.2,1.0,True,0.06451612903225806,0.7013993263244629,1.0,0.7627617120742798,
Which field deals with the design and building of robots and automated systems?,Robotics,science_fields,bge-small,,"Robotics is an interdisciplinary field combining mechanical engineering, electrical engineering, and computer science to design and build robots. Applications range from industrial manufacturing automation to surgical assistance and autonomous vehicles.",1.0,1.0,0.2,1.0,True,0.06451612903225806,0.7013993263244629,0.5,0.7627617120742798,
Which field deals with the design and building of robots and automated systems?,Robotics,science_fields,granite,,"Robotics is an interdisciplinary field combining mechanical engineering, electrical engineering, and computer science to design and build robots. Applications range from industrial manufacturing automation to surgical assistance and autonomous vehicles.",1.0,1.0,0.2,1.0,True,0.06451612903225806,0.7013993263244629,0.125,0.7627617120742798,
Which field deals with the design and building of robots and automated systems?,Robotics,science_fields,gte-small,,"Robotics is an interdisciplinary field combining mechanical engineering, electrical engineering, and computer science to design and build robots. Applications range from industrial manufacturing automation to surgical assistance and autonomous vehicles.",1.0,1.0,0.2,1.0,True,0.06451612903225806,0.7013993263244629,1.0,0.7627617120742798,
Which field deals with the design and building of robots and automated systems?,Robotics,science_fields,harrier,,"Robotics is an interdisciplinary field combining mechanical engineering, electrical engineering, and computer science to design and build robots. Applications range from industrial manufacturing automation to surgical assistance and autonomous vehicles.",1.0,1.0,0.2,1.0,True,0.06451612903225806,0.7013993263244629,1.0,0.7627617120742798,
Which field deals with the design and building of robots and automated systems?,Robotics,science_fields,jina,No module named 'custom_st',,,,,,,,,,,
Which field deals with the design and building of robots and automated systems?,Robotics,science_fields,minilm-l12,,"Robotics is an interdisciplinary field combining mechanical engineering, electrical engineering, and computer science to design and build robots. Applications range from industrial manufacturing automation to surgical assistance and autonomous vehicles.",1.0,1.0,0.2,1.0,True,0.06451612903225806,0.7013993263244629,1.0,0.7627617120742798,
Which field deals with the design and building of robots and automated systems?,Robotics,science_fields,mpnet,,"Robotics is an interdisciplinary field combining mechanical engineering, electrical engineering, and computer science to design and build robots. Applications range from industrial manufacturing automation to surgical assistance and autonomous vehicles.",1.0,1.0,0.2,1.0,True,0.06451612903225806,0.7013993263244629,1.0,0.7627617120742798,
Which field deals with the design and building of robots and automated systems?,Robotics,science_fields,qwen3,,"Robotics is an interdisciplinary field combining mechanical engineering, electrical engineering, and computer science to design and build robots. Applications range from industrial manufacturing automation to surgical assistance and autonomous vehicles.",1.0,1.0,0.2,1.0,True,0.06451612903225806,0.7013993263244629,1.0,0.7627617120742798,
Which sport is known as 'the beautiful game' and is played with 11 players per side using a round ball?,Soccer,sports,bge-base,,"Soccer, known as football outside the United States, is the world's most popular sport played with 11 players per side using a round ball. It is governed by FIFA and features the World Cup as its premier international tournament every four years.",1.0,1.0,0.2,1.0,True,0.0,0.657521665096283,1.0,0.6613675355911255,3.0
Which sport is known as 'the beautiful game' and is played with 11 players per side using a round ball?,Soccer,sports,bge-large,,"Soccer, known as football outside the United States, is the world's most popular sport played with 11 players per side using a round ball. It is governed by FIFA and features the World Cup as its premier international tournament every four years.",1.0,1.0,0.2,1.0,True,0.0,0.657521665096283,0.0003,0.6613675355911255,5.0
Which sport is known as 'the beautiful game' and is played with 11 players per side using a round ball?,Soccer,sports,bge-small,,"Soccer, known as football outside the United States, is the world's most popular sport played with 11 players per side using a round ball. It is governed by FIFA and features the World Cup as its premier international tournament every four years.",1.0,1.0,0.2,1.0,True,0.0,0.657521665096283,1.0,0.6613675355911255,
Which sport is known as 'the beautiful game' and is played with 11 players per side using a round ball?,Soccer,sports,granite,,"Soccer, known as football outside the United States, is the world's most popular sport played with 11 players per side using a round ball. It is governed by FIFA and features the World Cup as its premier international tournament every four years.",1.0,1.0,0.2,1.0,True,0.0,0.657521665096283,1.0,0.6613675355911255,1.0
Which sport is known as 'the beautiful game' and is played with 11 players per side using a round ball?,Soccer,sports,gte-small,,"Soccer, known as football outside the United States, is the world's most popular sport played with 11 players per side using a round ball. It is governed by FIFA and features the World Cup as its premier international tournament every four years.",1.0,1.0,0.2,1.0,True,0.0,0.657521665096283,1.0,0.6613675355911255,
Which sport is known as 'the beautiful game' and is played with 11 players per side using a round ball?,Soccer,sports,harrier,,"Soccer, known as football outside the United States, is the world's most popular sport played with 11 players per side using a round ball. It is governed by FIFA and features the World Cup as its premier international tournament every four years.",1.0,1.0,0.2,1.0,True,0.0,0.657521665096283,1.0,0.6613675355911255,1.0
Which sport is known as 'the beautiful game' and is played with 11 players per side using a round ball?,Soccer,sports,jina,No module named 'custom_st',,,,,,,,,,,
Which sport is known as 'the beautiful game' and is played with 11 players per side using a round ball?,Soccer,sports,minilm-l12,,"Soccer, known as football outside the United States, is the world's most popular sport played with 11 players per side using a round ball. It is governed by FIFA and features the World Cup as its premier international tournament every four years.",1.0,1.0,0.2,1.0,True,0.0,0.657521665096283,1.0,0.6613675355911255,1.0
Which sport is known as 'the beautiful game' and is played with 11 players per side using a round ball?,Soccer,sports,mpnet,,"Soccer, known as football outside the United States, is the world's most popular sport played with 11 players per side using a round ball. It is governed by FIFA and features the World Cup as its premier international tournament every four years.",1.0,1.0,0.2,1.0,True,0.0,0.657521665096283,1.0,0.6613675355911255,5.0
Which sport is known as 'the beautiful game' and is played with 11 players per side using a round ball?,Soccer,sports,qwen3,,"Soccer, known as football outside the United States, is the world's most popular sport played with 11 players per side using a round ball. It is governed by FIFA and features the World Cup as its premier international tournament every four years.",1.0,1.0,0.2,1.0,True,0.0,0.657521665096283,1.0,0.6613675355911255,5.0
Which sport involves kicking a ball into the opponent's goal and the World Cup?,Soccer,sports,bge-base,,"Soccer, known as football outside the United States, is the world's most popular sport played with 11 players per side using a round ball. It is governed by FIFA and features the World Cup as its premier international tournament every four years.",1.0,1.0,0.2,1.0,True,0.0,0.657521665096283,1.0,0.6341598033905029,
Which sport involves kicking a ball into the opponent's goal and the World Cup?,Soccer,sports,bge-large,,"Soccer, known as football outside the United States, is the world's most popular sport played with 11 players per side using a round ball. It is governed by FIFA and features the World Cup as its premier international tournament every four years.",1.0,1.0,0.2,1.0,True,0.0,0.657521665096283,1.0,0.6341598033905029,5.0
Which sport involves kicking a ball into the opponent's goal and the World Cup?,Soccer,sports,bge-small,,"Soccer, known as football outside the United States, is the world's most popular sport played with 11 players per side using a round ball. It is governed by FIFA and features the World Cup as its premier international tournament every four years.",1.0,1.0,0.2,1.0,True,0.0,0.657521665096283,1.0,0.6341598033905029,5.0
Which sport involves kicking a ball into the opponent's goal and the World Cup?,Soccer,sports,granite,,"Soccer, known as football outside the United States, is the world's most popular sport played with 11 players per side using a round ball. It is governed by FIFA and features the World Cup as its premier international tournament every four years.",1.0,1.0,0.2,1.0,True,0.0,0.657521665096283,1.0,0.6341598033905029,3.0
Which sport involves kicking a ball into the opponent's goal and the World Cup?,Soccer,sports,gte-small,,"Soccer, known as football outside the United States, is the world's most popular sport played with 11 players per side using a round ball. It is governed by FIFA and features the World Cup as its premier international tournament every four years.",1.0,1.0,0.2,1.0,True,0.0,0.657521665096283,,0.6341598033905029,
Which sport involves kicking a ball into the opponent's goal and the World Cup?,Soccer,sports,harrier,,"Soccer, known as football outside the United States, is the world's most popular sport played with 11 players per side using a round ball. It is governed by FIFA and features the World Cup as its premier international tournament every four years.",1.0,1.0,0.2,1.0,True,0.0,0.657521665096283,1.0,0.6341598033905029,1.0
Which sport involves kicking a ball into the opponent's goal and the World Cup?,Soccer,sports,jina,No module named 'custom_st',,,,,,,,,,,
Which sport involves kicking a ball into the opponent's goal and the World Cup?,Soccer,sports,minilm-l12,,"Soccer, known as football outside the United States, is the world's most popular sport played with 11 players per side using a round ball. It is governed by FIFA and features the World Cup as its premier international tournament every four years.",1.0,1.0,0.2,1.0,True,0.0,0.657521665096283,0.5,0.6341598033905029,
Which sport involves kicking a ball into the opponent's goal and the World Cup?,Soccer,sports,mpnet,,"Soccer, known as football outside the United States, is the world's most popular sport played with 11 players per side using a round ball. It is governed by FIFA and features the World Cup as its premier international tournament every four years.",1.0,1.0,0.2,1.0,True,0.0,0.657521665096283,1.0,0.6341598033905029,3.0
Which sport involves kicking a ball into the opponent's goal and the World Cup?,Soccer,sports,qwen3,,"Soccer, known as football outside the United States, is the world's most popular sport played with 11 players per side using a round ball. It is governed by FIFA and features the World Cup as its premier international tournament every four years.",1.0,1.0,0.2,1.0,True,0.0,0.657521665096283,1.0,0.6341598033905029,1.0
Which company developed the iPhone and Mac computers?,Apple,tech_companies,bge-base,,"Apple is an American multinational technology company headquartered in Cupertino, California, founded by Steve Jobs in 1976. It designs the iPhone, Mac computers, iPad tablets, and the iOS and macOS operating systems.",1.0,1.0,0.2,1.0,True,0.06060606060606061,0.6301371455192566,1.0,0.6780431866645813,
Which company developed the iPhone and Mac computers?,Apple,tech_companies,bge-large,,"Apple is an American multinational technology company headquartered in Cupertino, California, founded by Steve Jobs in 1976. It designs the iPhone, Mac computers, iPad tablets, and the iOS and macOS operating systems.",1.0,1.0,0.2,1.0,True,0.06060606060606061,0.6301371455192566,1.0,0.6780431866645813,
Which company developed the iPhone and Mac computers?,Apple,tech_companies,bge-small,,"Apple is an American multinational technology company headquartered in Cupertino, California, founded by Steve Jobs in 1976. It designs the iPhone, Mac computers, iPad tablets, and the iOS and macOS operating systems.",1.0,1.0,0.2,1.0,True,0.06060606060606061,0.6301371455192566,1.0,0.6780431866645813,
Which company developed the iPhone and Mac computers?,Apple,tech_companies,granite,,"Apple is an American multinational technology company headquartered in Cupertino, California, founded by Steve Jobs in 1976. It designs the iPhone, Mac computers, iPad tablets, and the iOS and macOS operating systems.",1.0,1.0,0.2,1.0,True,0.06060606060606061,0.6301371455192566,0.17,0.6780431866645813,4.0
Which company developed the iPhone and Mac computers?,Apple,tech_companies,gte-small,,"Apple is an American multinational technology company headquartered in Cupertino, California, founded by Steve Jobs in 1976. It designs the iPhone, Mac computers, iPad tablets, and the iOS and macOS operating systems.",1.0,1.0,0.2,1.0,True,0.06060606060606061,0.6301371455192566,1.0,0.6780431866645813,5.0
Which company developed the iPhone and Mac computers?,Apple,tech_companies,harrier,,"Apple is an American multinational technology company headquartered in Cupertino, California, founded by Steve Jobs in 1976. It designs the iPhone, Mac computers, iPad tablets, and the iOS and macOS operating systems.",1.0,1.0,0.2,1.0,True,0.06060606060606061,0.6301371455192566,1.0,0.6780431866645813,4.0
Which company developed the iPhone and Mac computers?,Apple,tech_companies,jina,No module named 'custom_st',,,,,,,,,,,
Which company developed the iPhone and Mac computers?,Apple,tech_companies,minilm-l12,,"Apple is an American multinational technology company headquartered in Cupertino, California, founded by Steve Jobs in 1976. It designs the iPhone, Mac computers, iPad tablets, and the iOS and macOS operating systems.",1.0,1.0,0.2,1.0,True,0.06060606060606061,0.6301371455192566,1.0,0.6780431866645813,5.0
Which company developed the iPhone and Mac computers?,Apple,tech_companies,mpnet,,"Apple is an American multinational technology company headquartered in Cupertino, California, founded by Steve Jobs in 1976. It designs the iPhone, Mac computers, iPad tablets, and the iOS and macOS operating systems.",1.0,1.0,0.2,1.0,True,0.06060606060606061,0.6301371455192566,1.0,0.6780431866645813,1.0
Which company developed the iPhone and Mac computers?,Apple,tech_companies,qwen3,,"Apple is an American multinational technology company headquartered in Cupertino, California, founded by Steve Jobs in 1976. It designs the iPhone, Mac computers, iPad tablets, and the iOS and macOS operating systems.",1.0,1.0,0.2,1.0,True,0.06060606060606061,0.6301371455192566,0.09,0.6780431866645813,5.0
Which company created the Windows operating system and Azure cloud platform?,Microsoft,tech_companies,bge-base,,"Microsoft is an American technology company founded by Bill Gates in 1975 and headquartered in Redmond, Washington. It developed the Windows operating system, Office productivity suite, and the Azure cloud computing platform.",1.0,1.0,0.2,1.0,True,0.06060606060606061,0.6214616894721985,1.0,0.7122591733932495,5.0
Which company created the Windows operating system and Azure cloud platform?,Microsoft,tech_companies,bge-large,,"Microsoft is an American technology company founded by Bill Gates in 1975 and headquartered in Redmond, Washington. It developed the Windows operating system, Office productivity suite, and the Azure cloud computing platform.",1.0,1.0,0.2,1.0,True,0.06060606060606061,0.6214616894721985,1.0,0.7122591733932495,5.0
Which company created the Windows operating system and Azure cloud platform?,Microsoft,tech_companies,bge-small,,"Microsoft is an American technology company founded by Bill Gates in 1975 and headquartered in Redmond, Washington. It developed the Windows operating system, Office productivity suite, and the Azure cloud computing platform.",1.0,1.0,0.2,1.0,True,0.06060606060606061,0.6214616894721985,1.0,0.7122591733932495,5.0
Which company created the Windows operating system and Azure cloud platform?,Microsoft,tech_companies,granite,,"Microsoft is an American technology company founded by Bill Gates in 1975 and headquartered in Redmond, Washington. It developed the Windows operating system, Office productivity suite, and the Azure cloud computing platform.",1.0,1.0,0.2,1.0,True,0.06060606060606061,0.6214616894721985,1.0,0.7122591733932495,5.0
Which company created the Windows operating system and Azure cloud platform?,Microsoft,tech_companies,gte-small,,"Microsoft is an American technology company founded by Bill Gates in 1975 and headquartered in Redmond, Washington. It developed the Windows operating system, Office productivity suite, and the Azure cloud computing platform.",1.0,1.0,0.2,1.0,True,0.06060606060606061,0.6214616894721985,1.0,0.7122591733932495,5.0
Which company created the Windows operating system and Azure cloud platform?,Microsoft,tech_companies,harrier,,"Microsoft is an American technology company founded by Bill Gates in 1975 and headquartered in Redmond, Washington. It developed the Windows operating system, Office productivity suite, and the Azure cloud computing platform.",1.0,1.0,0.2,1.0,True,0.06060606060606061,0.6214616894721985,1.0,0.7122591733932495,5.0
Which company created the Windows operating system and Azure cloud platform?,Microsoft,tech_companies,jina,No module named 'custom_st',,,,,,,,,,,
Which company created the Windows operating system and Azure cloud platform?,Microsoft,tech_companies,minilm-l12,,"Microsoft is an American technology company founded by Bill Gates in 1975 and headquartered in Redmond, Washington. It developed the Windows operating system, Office productivity suite, and the Azure cloud computing platform.",1.0,1.0,0.2,1.0,True,0.06060606060606061,0.6214616894721985,0.5,0.7122591733932495,5.0
Which company created the Windows operating system and Azure cloud platform?,Microsoft,tech_companies,mpnet,,"Microsoft is an American technology company founded by Bill Gates in 1975 and headquartered in Redmond, Washington. It developed the Windows operating system, Office productivity suite, and the Azure cloud computing platform.",1.0,1.0,0.2,1.0,True,0.06060606060606061,0.6214616894721985,1.0,0.7122591733932495,5.0
Which company created the Windows operating system and Azure cloud platform?,Microsoft,tech_companies,qwen3,,"Microsoft is an American technology company founded by Bill Gates in 1975 and headquartered in Redmond, Washington. It developed the Windows operating system, Office productivity suite, and the Azure cloud computing platform.",1.0,1.0,0.2,1.0,True,0.06060606060606061,0.6214616894721985,1.0,0.7122591733932495,5.0
"Which company is known for its search engine, Android OS, and Tensor chips?",Google,tech_companies,bge-base,,"Google is an American technology company specializing in internet search, online advertising, and cloud computing, headquartered in Mountain View, California. It created the Android mobile OS, Chrome browser, and Tensor custom chips.",1.0,1.0,0.2,1.0,True,0.06060606060606061,0.4960574507713318,1.0,0.5418893098831177,1.0
"Which company is known for its search engine, Android OS, and Tensor chips?",Google,tech_companies,bge-large,,"Google is an American technology company specializing in internet search, online advertising, and cloud computing, headquartered in Mountain View, California. It created the Android mobile OS, Chrome browser, and Tensor custom chips.",1.0,1.0,0.2,1.0,True,0.06060606060606061,0.4960574507713318,1.0,0.5418893098831177,
"Which company is known for its search engine, Android OS, and Tensor chips?",Google,tech_companies,bge-small,,"Google is an American technology company specializing in internet search, online advertising, and cloud computing, headquartered in Mountain View, California. It created the Android mobile OS, Chrome browser, and Tensor custom chips.",1.0,1.0,0.2,1.0,True,0.06060606060606061,0.4960574507713318,0.0089,0.5418893098831177,2.0
"Which company is known for its search engine, Android OS, and Tensor chips?",Google,tech_companies,granite,,"Google is an American technology company specializing in internet search, online advertising, and cloud computing, headquartered in Mountain View, California. It created the Android mobile OS, Chrome browser, and Tensor custom chips.",1.0,1.0,0.2,1.0,True,0.06060606060606061,0.4960574507713318,1.0,0.5418893098831177,
"Which company is known for its search engine, Android OS, and Tensor chips?",Google,tech_companies,gte-small,,"Google is an American technology company specializing in internet search, online advertising, and cloud computing, headquartered in Mountain View, California. It created the Android mobile OS, Chrome browser, and Tensor custom chips.",1.0,1.0,0.2,1.0,True,0.06060606060606061,0.4960574507713318,1.0,0.5418893098831177,
"Which company is known for its search engine, Android OS, and Tensor chips?",Google,tech_companies,harrier,,"Google is an American technology company specializing in internet search, online advertising, and cloud computing, headquartered in Mountain View, California. It created the Android mobile OS, Chrome browser, and Tensor custom chips.",1.0,1.0,0.2,1.0,True,0.06060606060606061,0.4960574507713318,1.0,0.5418893098831177,1.0
"Which company is known for its search engine, Android OS, and Tensor chips?",Google,tech_companies,jina,No module named 'custom_st',,,,,,,,,,,
"Which company is known for its search engine, Android OS, and Tensor chips?",Google,tech_companies,minilm-l12,,"Google is an American technology company specializing in internet search, online advertising, and cloud computing, headquartered in Mountain View, California. It created the Android mobile OS, Chrome browser, and Tensor custom chips.",1.0,1.0,0.2,1.0,True,0.06060606060606061,0.4960574507713318,0.25,0.5418893098831177,5.0
"Which company is known for its search engine, Android OS, and Tensor chips?",Google,tech_companies,mpnet,,"Google is an American technology company specializing in internet search, online advertising, and cloud computing, headquartered in Mountain View, California. It created the Android mobile OS, Chrome browser, and Tensor custom chips.",1.0,1.0,0.2,1.0,True,0.06060606060606061,0.4960574507713318,1.0,0.5418893098831177,
"Which company is known for its search engine, Android OS, and Tensor chips?",Google,tech_companies,qwen3,,"Google is an American technology company specializing in internet search, online advertising, and cloud computing, headquartered in Mountain View, California. It created the Android mobile OS, Chrome browser, and Tensor custom chips.",1.0,1.0,0.2,1.0,True,0.06060606060606061,0.4960574507713318,1.0,0.5418893098831177,
Which company dominates the GPU market for AI training and gaming?,Nvidia,tech_companies,bge-base,,"Nvidia is an American technology company founded in 1993 and headquartered in Santa Clara, California, that dominates the GPU market. Its graphics processors power AI training, gaming, and autonomous vehicle computing.",1.0,1.0,0.2,1.0,True,0.0625,0.6477819085121155,1.0,0.5546400547027588,
Which company dominates the GPU market for AI training and gaming?,Nvidia,tech_companies,bge-large,,"Nvidia is an American technology company founded in 1993 and headquartered in Santa Clara, California, that dominates the GPU market. Its graphics processors power AI training, gaming, and autonomous vehicle computing.",1.0,1.0,0.2,1.0,True,0.0625,0.6477819085121155,1.0,0.5546400547027588,3.0
Which company dominates the GPU market for AI training and gaming?,Nvidia,tech_companies,bge-small,,"Nvidia is an American technology company founded in 1993 and headquartered in Santa Clara, California, that dominates the GPU market. Its graphics processors power AI training, gaming, and autonomous vehicle computing.",1.0,1.0,0.2,1.0,True,0.0625,0.6477819085121155,1e-06,0.5546400547027588,
Which company dominates the GPU market for AI training and gaming?,Nvidia,tech_companies,granite,,"Nvidia is an American technology company founded in 1993 and headquartered in Santa Clara, California, that dominates the GPU market. Its graphics processors power AI training, gaming, and autonomous vehicle computing.",1.0,1.0,0.2,1.0,True,0.0625,0.6477819085121155,0.35,0.5546400547027588,5.0
Which company dominates the GPU market for AI training and gaming?,Nvidia,tech_companies,gte-small,,"Nvidia is an American technology company founded in 1993 and headquartered in Santa Clara, California, that dominates the GPU market. Its graphics processors power AI training, gaming, and autonomous vehicle computing.",1.0,1.0,0.2,1.0,True,0.0625,0.6477819085121155,1.0,0.5546400547027588,5.0
Which company dominates the GPU market for AI training and gaming?,Nvidia,tech_companies,harrier,,"Nvidia is an American technology company founded in 1993 and headquartered in Santa Clara, California, that dominates the GPU market. Its graphics processors power AI training, gaming, and autonomous vehicle computing.",1.0,1.0,0.2,1.0,True,0.0625,0.6477819085121155,1.0,0.5546400547027588,5.0
Which company dominates the GPU market for AI training and gaming?,Nvidia,tech_companies,jina,No module named 'custom_st',,,,,,,,,,,
Which company dominates the GPU market for AI training and gaming?,Nvidia,tech_companies,minilm-l12,,"Nvidia is an American technology company founded in 1993 and headquartered in Santa Clara, California, that dominates the GPU market. Its graphics processors power AI training, gaming, and autonomous vehicle computing.",1.0,1.0,0.2,1.0,True,0.0625,0.6477819085121155,1.0,0.5546400547027588,5.0
Which company dominates the GPU market for AI training and gaming?,Nvidia,tech_companies,mpnet,,"Nvidia is an American technology company founded in 1993 and headquartered in Santa Clara, California, that dominates the GPU market. Its graphics processors power AI training, gaming, and autonomous vehicle computing.",1.0,1.0,0.2,1.0,True,0.0625,0.6477819085121155,0.949,0.5546400547027588,5.0
Which company dominates the GPU market for AI training and gaming?,Nvidia,tech_companies,qwen3,,"Nvidia is an American technology company founded in 1993 and headquartered in Santa Clara, California, that dominates the GPU market. Its graphics processors power AI training, gaming, and autonomous vehicle computing.",1.0,1.0,0.2,1.0,True,0.0625,0.6477819085121155,1.0,0.5546400547027588,5.0
